event_id,session_id,is_bot,bot_type,action,timestamp,ip_address,user_agent,device_type,browser_family,os_family
ea974daa-75b8-4b58-943d-5b811ffc7a8b,sess_8cb11eeb2ad9,0,none,scroll,2025-12-11T14:50:14.877062,172.16.216.85,"Mozilla/5.0 (Linux; Android 11; SM-A505F) AppleWebKit/537.36 (KHTML, like Gecko) Chrome/119.0.6045.163 Mobile Safari/537.36",mobile,chrome,android
2c470ccd-05ed-4be7-a4e3-68a3aa9c84b3,sess_c53fbe84a286,0,none,click,2025-12-11T14:50:14.317228,172.16.154.170,"Mozilla/5.0 (Windows NT 10.0; Win64; x64) AppleWebKit/537.36 (KHTML, like Gecko) Chrome/120.0.0.0 Safari/537.36",desktop,chrome,windows
aa639345-08eb-4c80-8ace-965194850a53,sess_8cb11eeb2ad9,0,none,scroll,2025-12-11T14:50:15.346595,172.16.216.85,"Mozilla/5.0 (Linux; Android 11; SM-A505F) AppleWebKit/537.36 (KHTML, like Gecko) Chrome/119.0.6045.163 Mobile Safari/537.36",mobile,chrome,android
8ef98a6f-456f-4522-a9d7-7579322bd888,sess_8cb11eeb2ad9,0,none,page_view,2025-12-11T14:50:16.897627,172.16.216.85,"Mozilla/5.0 (Linux; Android 11; SM-A505F) AppleWebKit/537.36 (KHTML, like Gecko) Chrome/119.0.6045.163 Mobile Safari/537.36",mobile,chrome,android
19657331-f4f9-4454-8400-fe691891de2b,sess_376ebb3f11b1,1,curl_bot,page_view,2025-12-11T14:50:15.466983,172.23.104.200,Go-http-client/2.0,desktop,other,other
1b9b7ba2-560f-4dff-abfc-3fb09677136f,sess_376ebb3f11b1,1,curl_bot,click,2025-12-11T14:50:15.874486,172.23.104.200,Go-http-client/2.0,desktop,other,other
684380b7-bbba-411f-add5-b868d13bca6a,sess_376ebb3f11b1,1,curl_bot,scroll,2025-12-11T14:50:16.685754,172.23.104.200,Go-http-client/2.0,desktop,other,other
c32ef69b-06aa-4e5b-b894-2df38b386b98,sess_376ebb3f11b1,1,curl_bot,click,2025-12-11T14:50:17.988904,172.23.104.200,Go-http-client/2.0,desktop,other,other
8767d944-1788-4555-a249-5d5b136001cc,sess_fda96c6954b4,0,none,page_view,2025-12-11T14:50:16.258414,10.0.34.88,"Mozilla/5.0 (Windows NT 10.0; Win64; x64) AppleWebKit/537.36 (KHTML, like Gecko) Chrome/120.0.0.0 Safari/537.36",desktop,chrome,windows
39cc61e7-832f-4e96-86a5-585777c09b59,sess_fda96c6954b4,0,none,click,2025-12-11T14:50:16.635274,10.0.34.88,"Mozilla/5.0 (Windows NT 10.0; Win64; x64) AppleWebKit/537.36 (KHTML, like Gecko) Chrome/120.0.0.0 Safari/537.36",desktop,chrome,windows
c19d4af7-1349-4beb-9289-635930f759c2,sess_30108362fce7,1,twitterbot,login,2025-12-11T14:50:15.896598,157.55.39.170,curl/7.88.1,desktop,other,other
476c34d9-f326-4178-81db-82c97ad151d7,sess_30108362fce7,1,twitterbot,search,2025-12-11T14:50:17.287504,157.55.39.170,curl/7.88.1,desktop,other,other
5e054dab-34ba-4720-be39-5781433fa1ae,sess_30108362fce7,1,twitterbot,page_view,2025-12-11T14:50:18.506633,157.55.39.170,curl/7.88.1,desktop,other,other
3b6f701c-7f5a-4a2c-ae14-41e5b4aeb63c,sess_6b9b41ba1f48,0,none,search,2025-12-11T14:50:16.288014,192.168.101.158,"Mozilla/5.0 (Windows NT 10.0; Win64; x64) AppleWebKit/537.36 (KHTML, like Gecko) Chrome/120.0.0.0 Safari/537.36",desktop,chrome,windows
acded8bd-d9a9-440c-b262-ba2cca115bce,sess_30108362fce7,1,twitterbot,search,2025-12-11T14:50:17.917882,157.55.39.170,curl/7.88.1,desktop,other,other
05839203-1dda-4135-b7fd-c768e4c7f4f1,sess_6b9b41ba1f48,0,none,click,2025-12-11T14:50:16.749936,192.168.101.158,"Mozilla/5.0 (Windows NT 10.0; Win64; x64) AppleWebKit/537.36 (KHTML, like Gecko) Chrome/120.0.0.0 Safari/537.36",desktop,chrome,windows
df38f67b-2b97-4f8b-bf55-337e2bb649f6,sess_6b9b41ba1f48,0,none,scroll,2025-12-11T14:50:18.004720,192.168.101.158,"Mozilla/5.0 (Windows NT 10.0; Win64; x64) AppleWebKit/537.36 (KHTML, like Gecko) Chrome/120.0.0.0 Safari/537.36",desktop,chrome,windows
bbe420b3-d38d-4b46-b093-2d458f88a29c,sess_30108362fce7,1,twitterbot,scroll,2025-12-11T14:50:22.958573,157.55.39.170,curl/7.88.1,desktop,other,other
fd60db19-9838-4932-b791-4dda8fd32df9,sess_6b9b41ba1f48,0,none,click,2025-12-11T14:50:19.592287,192.168.101.158,"Mozilla/5.0 (Windows NT 10.0; Win64; x64) AppleWebKit/537.36 (KHTML, like Gecko) Chrome/120.0.0.0 Safari/537.36",desktop,chrome,windows
51def95f-97cb-4831-865f-4162243ffc70,sess_30108362fce7,1,twitterbot,click,2025-12-11T14:50:24.368917,157.55.39.170,curl/7.88.1,desktop,other,other
33c395ad-33f9-4009-b37d-ee743458aeca,sess_30108362fce7,1,twitterbot,click,2025-12-11T14:50:24.680665,157.55.39.170,curl/7.88.1,desktop,other,other
33ebcf58-aa51-4f87-902d-f1eb65d65ed2,sess_30108362fce7,1,twitterbot,click,2025-12-11T14:50:18.834727,157.55.39.170,curl/7.88.1,desktop,other,other
0778d1fc-7e00-477a-afc2-4363e6213183,sess_0062422fd88a,0,none,page_view,2025-12-11T14:50:19.416846,172.16.17.70,"Mozilla/5.0 (X11; Linux x86_64) AppleWebKit/537.36 (KHTML, like Gecko) Chrome/120.0.0.0 Safari/537.36",desktop,chrome,linux
de8a5cde-9c16-49e8-850c-249213164cd6,sess_74b82bf2e8cc,0,none,page_view,2025-12-11T14:50:18.128652,192.168.56.66,"Mozilla/5.0 (X11; Linux x86_64) AppleWebKit/537.36 (KHTML, like Gecko) Chrome/120.0.0.0 Safari/537.36",desktop,chrome,linux
bed31395-b7b4-4c76-9acf-40ddec7adf55,sess_74b82bf2e8cc,0,none,click,2025-12-11T14:50:17.586251,192.168.56.66,"Mozilla/5.0 (X11; Linux x86_64) AppleWebKit/537.36 (KHTML, like Gecko) Chrome/120.0.0.0 Safari/537.36",desktop,chrome,linux
ef20dcd8-ff1a-4814-abb7-eec0e5535760,sess_74b82bf2e8cc,0,none,click,2025-12-11T14:50:18.598524,192.168.56.66,"Mozilla/5.0 (X11; Linux x86_64) AppleWebKit/537.36 (KHTML, like Gecko) Chrome/120.0.0.0 Safari/537.36",desktop,chrome,linux
73d82040-0b3a-4e46-8893-6fdf00dd9308,sess_74b82bf2e8cc,0,none,page_view,2025-12-11T14:50:20.522021,192.168.56.66,"Mozilla/5.0 (X11; Linux x86_64) AppleWebKit/537.36 (KHTML, like Gecko) Chrome/120.0.0.0 Safari/537.36",desktop,chrome,linux
95cafecc-f33b-48d1-9b3e-d4f2baf8f7b8,sess_eb0fb47a32e9,1,bingbot,click,2025-12-11T14:50:16.884472,192.168.101.140,Selenium/Chrome/120.0.6099.109,desktop,chrome,other
cf62f22d-77e6-4237-9b90-a60f2d5bc94e,sess_eb0fb47a32e9,1,bingbot,page_view,2025-12-11T14:50:18.362711,192.168.101.140,Selenium/Chrome/120.0.6099.109,desktop,chrome,other
7659923c-c304-48d9-af59-6ed015407de7,sess_eb0fb47a32e9,1,bingbot,scroll,2025-12-11T14:50:18.580084,192.168.101.140,Selenium/Chrome/120.0.6099.109,desktop,chrome,other
06227238-6e6c-40e9-93b2-4fd4076059dd,sess_a823b986e670,1,facebook_externalhit,scroll,2025-12-11T14:50:17.268517,10.107.57.6,Selenium/Chrome/120.0.6099.109,desktop,chrome,other
bdde2f4b-b0de-441c-a1d6-419872253461,sess_a823b986e670,1,facebook_externalhit,click,2025-12-11T14:50:18.594840,10.107.57.6,Selenium/Chrome/120.0.6099.109,desktop,chrome,other
467a0a66-6543-460b-94bf-e3c49e075813,sess_eb0fb47a32e9,1,bingbot,click,2025-12-11T14:50:21.742750,192.168.101.140,Selenium/Chrome/120.0.6099.109,desktop,chrome,other
1fc55a30-4073-463e-81d8-758614c0c95c,sess_eb0fb47a32e9,1,bingbot,scroll,2025-12-11T14:50:23.204007,192.168.101.140,Selenium/Chrome/120.0.6099.109,desktop,chrome,other
7ad807d2-59f3-4558-b57c-a34b5e44842f,sess_a823b986e670,1,facebook_externalhit,scroll,2025-12-11T14:50:18.077317,10.107.57.6,Selenium/Chrome/120.0.6099.109,desktop,chrome,other
c0f55d70-4b6c-496d-85dd-d3b8cec0fbae,sess_eb0fb47a32e9,1,bingbot,page_view,2025-12-11T14:50:21.774860,192.168.101.140,Selenium/Chrome/120.0.6099.109,desktop,chrome,other
b4cdf644-59b5-42f8-909b-38838e9bdaf9,sess_7aaa7b8e6f01,0,none,search,2025-12-11T14:50:17.871805,172.16.25.61,Mozilla/5.0 (Windows NT 10.0; Win64; x64; rv:121.0) Gecko/20100101 Firefox/121.0,desktop,firefox,windows
13e3c9fa-e6d6-4a04-be6d-000c7218b4a0,sess_7aaa7b8e6f01,0,none,page_view,2025-12-11T14:50:19.002545,172.16.25.61,Mozilla/5.0 (Windows NT 10.0; Win64; x64; rv:121.0) Gecko/20100101 Firefox/121.0,desktop,firefox,windows
178b718c-7532-4925-8c60-85ab3daed282,sess_00b99b1fe9f5,1,curl_bot,scroll,2025-12-11T14:50:18.933589,10.93.70.228,Googlebot/2.1 (+http://www.google.com/bot.html),desktop,bot_client,other
9db066fb-b1a2-4399-8555-0979a84fdc60,sess_daa0e7dae626,0,none,click,2025-12-11T14:50:19.731491,172.16.100.96,"Mozilla/5.0 (Windows NT 10.0; Win64; x64) AppleWebKit/537.36 (KHTML, like Gecko) Chrome/120.0.0.0 Safari/537.36",desktop,chrome,windows
80f78603-cf6f-44b4-a3e2-24bfa9f3efc5,sess_00b99b1fe9f5,1,curl_bot,page_view,2025-12-11T14:50:19.443368,10.93.70.228,Googlebot/2.1 (+http://www.google.com/bot.html),desktop,bot_client,other
0e79a6c5-ca29-40e4-a2a2-a38ad89664d5,sess_daa0e7dae626,0,none,scroll,2025-12-11T14:50:19.642410,172.16.100.96,"Mozilla/5.0 (Windows NT 10.0; Win64; x64) AppleWebKit/537.36 (KHTML, like Gecko) Chrome/120.0.0.0 Safari/537.36",desktop,chrome,windows
07a05090-c7ca-43b3-81ac-83996beae72a,sess_00b99b1fe9f5,1,curl_bot,page_view,2025-12-11T14:50:20.458234,10.93.70.228,Googlebot/2.1 (+http://www.google.com/bot.html),desktop,bot_client,other
9fbe879c-0a3c-4902-baa6-e2598e3f47e6,sess_daa0e7dae626,0,none,page_view,2025-12-11T14:50:20.181562,172.16.100.96,"Mozilla/5.0 (Windows NT 10.0; Win64; x64) AppleWebKit/537.36 (KHTML, like Gecko) Chrome/120.0.0.0 Safari/537.36",desktop,chrome,windows
492cdd32-7e33-4d26-8772-b58cae648a89,sess_00b99b1fe9f5,1,curl_bot,page_view,2025-12-11T14:50:21.738318,10.93.70.228,Googlebot/2.1 (+http://www.google.com/bot.html),desktop,bot_client,other
abfc5c6d-bb96-48f0-81a8-72f5f0907540,sess_00b99b1fe9f5,1,curl_bot,click,2025-12-11T14:50:21.131599,10.93.70.228,Googlebot/2.1 (+http://www.google.com/bot.html),desktop,bot_client,other
ff3a5e10-2ab1-4e7c-8272-4a4eed729d1f,sess_f61c49c3799b,0,none,scroll,2025-12-11T14:50:19.878517,10.0.248.120,"Mozilla/5.0 (X11; Linux x86_64) AppleWebKit/537.36 (KHTML, like Gecko) Chrome/120.0.0.0 Safari/537.36",desktop,chrome,linux
c1a35c11-ca0f-4dcd-85db-b028a9763429,sess_f61c49c3799b,0,none,page_view,2025-12-11T14:50:19.835119,10.0.248.120,"Mozilla/5.0 (X11; Linux x86_64) AppleWebKit/537.36 (KHTML, like Gecko) Chrome/120.0.0.0 Safari/537.36",desktop,chrome,linux
beb5e7b0-8f1b-40b5-8bb1-c4fd7b6817ef,sess_f61c49c3799b,0,none,scroll,2025-12-11T14:50:21.410800,10.0.248.120,"Mozilla/5.0 (X11; Linux x86_64) AppleWebKit/537.36 (KHTML, like Gecko) Chrome/120.0.0.0 Safari/537.36",desktop,chrome,linux
84839e29-11cc-4204-964e-dfd8f4bdd746,sess_f61c49c3799b,0,none,scroll,2025-12-11T14:50:21.207906,10.0.248.120,"Mozilla/5.0 (X11; Linux x86_64) AppleWebKit/537.36 (KHTML, like Gecko) Chrome/120.0.0.0 Safari/537.36",desktop,chrome,linux
ac9492f4-5ba8-4eb3-99cf-0f7f73f5c326,sess_4697e61f96ad,0,none,page_view,2025-12-11T14:50:20.409717,10.0.55.94,"Mozilla/5.0 (iPhone; CPU iPhone OS 17_0 like Mac OS X) AppleWebKit/605.1.15 (KHTML, like Gecko) Version/17.0 Mobile/15E148 Safari/604.1",mobile,safari,macos
0127eed6-be8e-480a-90cd-64aad649e378,sess_4697e61f96ad,0,none,page_view,2025-12-11T14:50:20.317571,10.0.55.94,"Mozilla/5.0 (iPhone; CPU iPhone OS 17_0 like Mac OS X) AppleWebKit/605.1.15 (KHTML, like Gecko) Version/17.0 Mobile/15E148 Safari/604.1",mobile,safari,macos
8bb3e28d-ae09-4446-a910-19492e37a614,sess_a5ec098db28a,0,none,click,2025-12-11T14:50:19.941982,172.16.45.82,"Mozilla/5.0 (Windows NT 10.0; Win64; x64) AppleWebKit/537.36 (KHTML, like Gecko) Chrome/120.0.0.0 Safari/537.36",desktop,chrome,windows
4382537b-f005-4a06-8a10-c59086e7ca63,sess_4697e61f96ad,0,none,click,2025-12-11T14:50:22.150258,10.0.55.94,"Mozilla/5.0 (iPhone; CPU iPhone OS 17_0 like Mac OS X) AppleWebKit/605.1.15 (KHTML, like Gecko) Version/17.0 Mobile/15E148 Safari/604.1",mobile,safari,macos
0a508c8c-b80c-432c-8c87-13edd4f77413,sess_a5ec098db28a,0,none,page_view,2025-12-11T14:50:20.069176,172.16.45.82,"Mozilla/5.0 (Windows NT 10.0; Win64; x64) AppleWebKit/537.36 (KHTML, like Gecko) Chrome/120.0.0.0 Safari/537.36",desktop,chrome,windows
f3c3d2a6-d6eb-4fa2-b1a0-f7df84f91e20,sess_a5ec098db28a,0,none,click,2025-12-11T14:50:21.253430,172.16.45.82,"Mozilla/5.0 (Windows NT 10.0; Win64; x64) AppleWebKit/537.36 (KHTML, like Gecko) Chrome/120.0.0.0 Safari/537.36",desktop,chrome,windows
0aa150df-f178-45fe-aa49-a9173aa44d08,sess_a5ec098db28a,0,none,click,2025-12-11T14:50:23.397593,172.16.45.82,"Mozilla/5.0 (Windows NT 10.0; Win64; x64) AppleWebKit/537.36 (KHTML, like Gecko) Chrome/120.0.0.0 Safari/537.36",desktop,chrome,windows
6156499f-5464-4fe5-a4d5-554bb92e98ec,sess_5f713683b97c,1,googlebot,scroll,2025-12-11T14:50:20.476429,66.249.94.133,Go-http-client/2.0,desktop,other,other
cdac9cd6-e789-410f-b30a-c3486082fa91,sess_5f713683b97c,1,googlebot,click,2025-12-11T14:50:21.557975,66.249.94.133,Go-http-client/2.0,desktop,other,other
5038d163-878a-4ebe-bf78-c9501a5f8586,sess_5f713683b97c,1,googlebot,scroll,2025-12-11T14:50:22.052628,66.249.94.133,Go-http-client/2.0,desktop,other,other
33fa8bad-1672-4a2b-9740-4bab77d92c03,sess_5f713683b97c,1,googlebot,scroll,2025-12-11T14:50:22.287309,66.249.94.133,Go-http-client/2.0,desktop,other,other
97dfd95b-5769-4b21-aa4f-761586dd6b66,sess_5f713683b97c,1,googlebot,search,2025-12-11T14:50:24.602918,66.249.94.133,Go-http-client/2.0,desktop,other,other
6694132b-e1ef-4d02-bb50-9d41862d7dfc,sess_6a0bde701744,0,none,scroll,2025-12-11T14:50:21.910973,172.16.152.101,"Mozilla/5.0 (iPhone; CPU iPhone OS 17_0 like Mac OS X) AppleWebKit/605.1.15 (KHTML, like Gecko) Version/17.0 Mobile/15E148 Safari/604.1",mobile,safari,macos
620a944d-9230-4cc4-a0d7-f2ef8b3cb4d7,sess_6098a36a18d3,0,none,page_view,2025-12-11T14:50:21.888555,172.16.58.50,Mozilla/5.0 (Windows NT 10.0; Win64; x64; rv:121.0) Gecko/20100101 Firefox/121.0,desktop,firefox,windows
e651d6b9-1da3-4632-872e-1946bf17d322,sess_6098a36a18d3,0,none,page_view,2025-12-11T14:50:22.018457,172.16.58.50,Mozilla/5.0 (Windows NT 10.0; Win64; x64; rv:121.0) Gecko/20100101 Firefox/121.0,desktop,firefox,windows
7a773e48-f43a-474b-a268-ceb9486aa205,sess_6098a36a18d3,0,none,page_view,2025-12-11T14:50:21.923848,172.16.58.50,Mozilla/5.0 (Windows NT 10.0; Win64; x64; rv:121.0) Gecko/20100101 Firefox/121.0,desktop,firefox,windows
af2debd4-9f7c-49a3-a596-ebf585688d1f,sess_6098a36a18d3,0,none,page_view,2025-12-11T14:50:21.800059,172.16.58.50,Mozilla/5.0 (Windows NT 10.0; Win64; x64; rv:121.0) Gecko/20100101 Firefox/121.0,desktop,firefox,windows
fe015532-6588-44d0-a20a-d012fd313115,sess_01bac58350f9,0,none,click,2025-12-11T14:50:21.812238,172.16.176.72,"Mozilla/5.0 (iPhone; CPU iPhone OS 17_0 like Mac OS X) AppleWebKit/605.1.15 (KHTML, like Gecko) Version/17.0 Mobile/15E148 Safari/604.1",mobile,safari,macos
a9b1b007-7816-4045-8de7-bed36cf3685b,sess_01bac58350f9,0,none,click,2025-12-11T14:50:22.421586,172.16.176.72,"Mozilla/5.0 (iPhone; CPU iPhone OS 17_0 like Mac OS X) AppleWebKit/605.1.15 (KHTML, like Gecko) Version/17.0 Mobile/15E148 Safari/604.1",mobile,safari,macos
1f0aa15d-7d52-468d-a21a-73c679d9bcdb,sess_01bac58350f9,0,none,page_view,2025-12-11T14:50:24.152641,172.16.176.72,"Mozilla/5.0 (iPhone; CPU iPhone OS 17_0 like Mac OS X) AppleWebKit/605.1.15 (KHTML, like Gecko) Version/17.0 Mobile/15E148 Safari/604.1",mobile,safari,macos
fdea098f-a11c-42ea-8b74-8db195cdcb25,sess_b429ad9a27a3,0,none,search,2025-12-11T14:50:22.592152,192.168.180.198,"Mozilla/5.0 (Macintosh; Intel Mac OS X 10_15_7) AppleWebKit/605.1.15 (KHTML, like Gecko) Version/17.0 Safari/605.1.15",desktop,safari,macos
e17d4688-a269-4482-8201-5368b9c304d1,sess_5ccb36f4595b,0,none,click,2025-12-11T14:50:24.567155,10.0.176.43,"Mozilla/5.0 (Windows NT 10.0; Win64; x64) AppleWebKit/537.36 (KHTML, like Gecko) Chrome/120.0.0.0 Safari/537.36",desktop,chrome,windows
3ecb75f1-e69e-4611-8067-41a7a8e84b43,sess_54cf2a102801,0,none,page_view,2025-12-11T14:50:21.592886,10.0.197.150,Mozilla/5.0 (Windows NT 10.0; Win64; x64; rv:121.0) Gecko/20100101 Firefox/121.0,desktop,firefox,windows
3ef65c66-ad51-4d77-995a-ddc20af95f95,sess_5251bbd4d592,0,none,page_view,2025-12-11T14:50:22.930879,192.168.233.146,Mozilla/5.0 (Windows NT 10.0; Win64; x64; rv:121.0) Gecko/20100101 Firefox/121.0,desktop,firefox,windows
73f1afbc-70d7-421f-8e6e-27a4541b41a6,sess_5251bbd4d592,0,none,page_view,2025-12-11T14:50:23.476967,192.168.233.146,Mozilla/5.0 (Windows NT 10.0; Win64; x64; rv:121.0) Gecko/20100101 Firefox/121.0,desktop,firefox,windows
7c57d242-08b8-4a6d-95f9-e8a96f87304a,sess_ae7f490dd87c,0,none,search,2025-12-11T14:50:23.662424,172.16.23.135,"Mozilla/5.0 (Linux; Android 11; SM-A505F) AppleWebKit/537.36 (KHTML, like Gecko) Chrome/119.0.6045.163 Mobile Safari/537.36",mobile,chrome,android
562eb658-9c4e-486d-9731-c003f8ed7f25,sess_ae7f490dd87c,0,none,search,2025-12-11T14:50:23.388684,172.16.23.135,"Mozilla/5.0 (Linux; Android 11; SM-A505F) AppleWebKit/537.36 (KHTML, like Gecko) Chrome/119.0.6045.163 Mobile Safari/537.36",mobile,chrome,android
386102a3-f497-4f50-a4ce-be7fb1a5e34c,sess_53ab4f2f34ae,1,bingbot,scroll,2025-12-11T14:50:23.769999,192.168.213.80,Mozilla/5.0 (compatible; Bingbot/2.0; +http://www.bing.com/bingbot.htm),desktop,bot_client,other
840e6390-60de-48a5-9220-8d1ecc4b9dfe,sess_53ab4f2f34ae,1,bingbot,scroll,2025-12-11T14:50:24.208298,192.168.213.80,Mozilla/5.0 (compatible; Bingbot/2.0; +http://www.bing.com/bingbot.htm),desktop,bot_client,other
f98f9f5d-c6bb-47ad-ad6f-4f9575bebaee,sess_53ab4f2f34ae,1,bingbot,scroll,2025-12-11T14:50:24.737899,192.168.213.80,Mozilla/5.0 (compatible; Bingbot/2.0; +http://www.bing.com/bingbot.htm),desktop,bot_client,other
e50adf2b-30ea-4ab9-adbf-60b2d3cfff8c,sess_53ab4f2f34ae,1,bingbot,page_view,2025-12-11T14:50:24.782336,192.168.213.80,Mozilla/5.0 (compatible; Bingbot/2.0; +http://www.bing.com/bingbot.htm),desktop,bot_client,other
47bdd3fc-5674-4cb5-b01a-ac5cf36e1919,sess_b5888bd77910,0,none,click,2025-12-11T14:50:24.527987,10.0.233.241,Mozilla/5.0 (Windows NT 10.0; Win64; x64; rv:121.0) Gecko/20100101 Firefox/121.0,desktop,firefox,windows
297e728a-4eb0-4cbd-808f-c0f430bb6885,sess_0761b339f141,0,none,page_view,2025-12-11T14:50:24.787254,192.168.176.207,Mozilla/5.0 (Windows NT 10.0; Win64; x64; rv:121.0) Gecko/20100101 Firefox/121.0,desktop,firefox,windows
eadd7e5e-f733-40a8-a342-3ab14219d688,sess_0761b339f141,0,none,search,2025-12-11T14:50:24.527093,192.168.176.207,Mozilla/5.0 (Windows NT 10.0; Win64; x64; rv:121.0) Gecko/20100101 Firefox/121.0,desktop,firefox,windows
e6f95a54-c702-4ce7-bbc1-691207a9e9d2,sess_0761b339f141,0,none,scroll,2025-12-11T14:50:27.018912,192.168.176.207,Mozilla/5.0 (Windows NT 10.0; Win64; x64; rv:121.0) Gecko/20100101 Firefox/121.0,desktop,firefox,windows
1a18e435-002e-4001-b499-b80b302b7bfa,sess_0761b339f141,0,none,scroll,2025-12-11T14:50:24.398460,192.168.176.207,Mozilla/5.0 (Windows NT 10.0; Win64; x64; rv:121.0) Gecko/20100101 Firefox/121.0,desktop,firefox,windows
c3d74ad3-badb-457f-830d-98de0e696ca4,sess_f2affa9b1944,0,none,click,2025-12-11T14:50:24.557316,192.168.9.77,"Mozilla/5.0 (Windows NT 10.0; Win64; x64) AppleWebKit/537.36 (KHTML, like Gecko) Chrome/120.0.0.0 Safari/537.36",desktop,chrome,windows
f6f3c272-0c36-4a7f-8e71-2f575b998c66,sess_f2affa9b1944,0,none,click,2025-12-11T14:50:24.535610,192.168.9.77,"Mozilla/5.0 (Windows NT 10.0; Win64; x64) AppleWebKit/537.36 (KHTML, like Gecko) Chrome/120.0.0.0 Safari/537.36",desktop,chrome,windows
781c5cad-112f-4f41-81ce-4ee5dffbbe2c,sess_f2affa9b1944,0,none,scroll,2025-12-11T14:50:25.818546,192.168.9.77,"Mozilla/5.0 (Windows NT 10.0; Win64; x64) AppleWebKit/537.36 (KHTML, like Gecko) Chrome/120.0.0.0 Safari/537.36",desktop,chrome,windows
71594cbc-548a-413a-9759-977ed52831a0,sess_94c87a144f74,0,none,page_view,2025-12-11T14:50:26.023386,192.168.219.123,Mozilla/5.0 (Windows NT 10.0; Win64; x64; rv:121.0) Gecko/20100101 Firefox/121.0,desktop,firefox,windows
894754d3-0864-4d6d-b9c7-04c138ee4485,sess_94c87a144f74,0,none,click,2025-12-11T14:50:26.018582,192.168.219.123,Mozilla/5.0 (Windows NT 10.0; Win64; x64; rv:121.0) Gecko/20100101 Firefox/121.0,desktop,firefox,windows
71079378-a7c5-4409-9aef-682108d1e1b5,sess_0168db467e15,0,none,page_view,2025-12-11T14:50:24.885340,172.16.72.75,"Mozilla/5.0 (Macintosh; Intel Mac OS X 10_15_7) AppleWebKit/605.1.15 (KHTML, like Gecko) Version/17.0 Safari/605.1.15",desktop,safari,macos
5eb748fc-7515-4d58-8ec0-58c610903d6e,sess_e29355d959ae,1,yandex_bot,page_view,2025-12-11T14:50:24.821578,10.213.106.75,python-requests/2.31.0,desktop,other,other
18211942-9709-4e06-bbf5-2872516a8f3f,sess_e29355d959ae,1,yandex_bot,page_view,2025-12-11T14:50:26.418292,10.213.106.75,python-requests/2.31.0,desktop,other,other
29bfe914-122e-4c49-af51-6656be8747a7,sess_e29355d959ae,1,yandex_bot,page_view,2025-12-11T14:50:26.359635,10.213.106.75,python-requests/2.31.0,desktop,other,other
7ce913d4-6221-4938-a5ca-9d5289f8ea24,sess_e29355d959ae,1,yandex_bot,page_view,2025-12-11T14:50:29.786276,10.213.106.75,python-requests/2.31.0,desktop,other,other
7a95d7f7-1b51-478c-a972-86ef1844b37c,sess_e29355d959ae,1,yandex_bot,search,2025-12-11T14:50:29.476060,10.213.106.75,python-requests/2.31.0,desktop,other,other
f7eec4a0-6987-4c19-be46-a9e6390e3a29,sess_e29355d959ae,1,yandex_bot,search,2025-12-11T14:50:31.886748,10.213.106.75,python-requests/2.31.0,desktop,other,other
7df371c3-ba29-4dd5-9c44-9f9c8aa243d8,sess_bc44032b0003,1,bingbot,page_view,2025-12-11T14:50:25.904182,10.74.50.241,Mozilla/5.0 (compatible; Bingbot/2.0; +http://www.bing.com/bingbot.htm),desktop,bot_client,other
4bd7b97c-7619-43fc-8d8c-9706b232cefe,sess_bc44032b0003,1,bingbot,scroll,2025-12-11T14:50:26.628389,10.74.50.241,Mozilla/5.0 (compatible; Bingbot/2.0; +http://www.bing.com/bingbot.htm),desktop,bot_client,other
1db30c82-4d01-4b75-a7f5-ce85cd7e70d8,sess_bc44032b0003,1,bingbot,scroll,2025-12-11T14:50:27.045665,10.74.50.241,Mozilla/5.0 (compatible; Bingbot/2.0; +http://www.bing.com/bingbot.htm),desktop,bot_client,other
d7c6fdba-6d22-4311-8375-f25201bd0a82,sess_bc44032b0003,1,bingbot,search,2025-12-11T14:50:27.778954,10.74.50.241,Mozilla/5.0 (compatible; Bingbot/2.0; +http://www.bing.com/bingbot.htm),desktop,bot_client,other
f54616f5-024f-432c-9403-d4457b53dc7e,sess_d79b26cd34d4,1,python_requests_bot,page_view,2025-12-11T14:50:26.885259,157.55.39.242,Mozilla/5.0 (compatible; Bingbot/2.0; +http://www.bing.com/bingbot.htm),desktop,bot_client,other
1c8ff542-e3d7-4a1e-aab6-12724f1e6aff,sess_d79b26cd34d4,1,python_requests_bot,page_view,2025-12-11T14:50:26.531657,157.55.39.242,Mozilla/5.0 (compatible; Bingbot/2.0; +http://www.bing.com/bingbot.htm),desktop,bot_client,other
b35c0865-91c8-4211-a972-a60b9aadb216,sess_d79b26cd34d4,1,python_requests_bot,search,2025-12-11T14:50:29.175950,157.55.39.242,Mozilla/5.0 (compatible; Bingbot/2.0; +http://www.bing.com/bingbot.htm),desktop,bot_client,other
1a7d5ae8-6ce7-4a4d-9ab7-03428455bdb4,sess_d14354fdfe0f,1,curl_bot,page_view,2025-12-11T14:50:26.095274,66.249.81.33,python-requests/2.31.0,desktop,other,other
b5dc7c60-e227-47f3-a678-c9d3d3f69ee0,sess_d14354fdfe0f,1,curl_bot,page_view,2025-12-11T14:50:26.871263,66.249.81.33,python-requests/2.31.0,desktop,other,other
8e4db1aa-dab6-4e28-b7f1-749ca724aeb9,sess_d14354fdfe0f,1,curl_bot,click,2025-12-11T14:50:28.911922,66.249.81.33,python-requests/2.31.0,desktop,other,other
b66d6e60-7552-4607-a1a2-f660f3f60dc7,sess_d14354fdfe0f,1,curl_bot,page_view,2025-12-11T14:50:30.056860,66.249.81.33,python-requests/2.31.0,desktop,other,other
11678b64-9097-4a1d-af1c-e0e18f0190df,sess_d14354fdfe0f,1,curl_bot,page_view,2025-12-11T14:50:29.243613,66.249.81.33,python-requests/2.31.0,desktop,other,other
1c23ace9-a395-4e4f-9fb4-fb03fdb3b4f8,sess_d14354fdfe0f,1,curl_bot,scroll,2025-12-11T14:50:33.875501,66.249.81.33,python-requests/2.31.0,desktop,other,other
b7becc03-8987-4e2a-b98d-b266b4e3510b,sess_d14354fdfe0f,1,curl_bot,scroll,2025-12-11T14:50:30.910074,66.249.81.33,python-requests/2.31.0,desktop,other,other
2f323f1b-9339-4211-a086-29c13abed07e,sess_9193ee4b7dce,0,none,click,2025-12-11T14:50:20.491832,10.0.16.59,"Mozilla/5.0 (Macintosh; Intel Mac OS X 10_15_7) AppleWebKit/605.1.15 (KHTML, like Gecko) Version/17.0 Safari/605.1.15",desktop,safari,macos
e7a91d43-39de-492a-ba1d-ed99b9e35cb6,sess_a73f1b3deab6,0,none,page_view,2025-12-11T14:50:26.505289,172.16.122.40,"Mozilla/5.0 (iPhone; CPU iPhone OS 17_0 like Mac OS X) AppleWebKit/605.1.15 (KHTML, like Gecko) Version/17.0 Mobile/15E148 Safari/604.1",mobile,safari,macos
f834ce88-db15-4f58-aaff-f814984dbbbf,sess_a73f1b3deab6,0,none,page_view,2025-12-11T14:50:28.219274,172.16.122.40,"Mozilla/5.0 (iPhone; CPU iPhone OS 17_0 like Mac OS X) AppleWebKit/605.1.15 (KHTML, like Gecko) Version/17.0 Mobile/15E148 Safari/604.1",mobile,safari,macos
b1422686-598e-4bb6-911c-1c21b6faa62e,sess_89677ef998c3,0,none,click,2025-12-11T14:50:28.308850,10.0.180.230,"Mozilla/5.0 (iPhone; CPU iPhone OS 17_0 like Mac OS X) AppleWebKit/605.1.15 (KHTML, like Gecko) Version/17.0 Mobile/15E148 Safari/604.1",mobile,safari,macos
90d27d47-c432-43fb-9bbe-8b86e950740c,sess_89677ef998c3,0,none,page_view,2025-12-11T14:50:28.365046,10.0.180.230,"Mozilla/5.0 (iPhone; CPU iPhone OS 17_0 like Mac OS X) AppleWebKit/605.1.15 (KHTML, like Gecko) Version/17.0 Mobile/15E148 Safari/604.1",mobile,safari,macos
9572244a-05b2-4048-b05a-2337eaa46314,sess_cc304ac9db15,0,none,scroll,2025-12-11T14:50:27.061837,192.168.134.14,"Mozilla/5.0 (X11; Linux x86_64) AppleWebKit/537.36 (KHTML, like Gecko) Chrome/120.0.0.0 Safari/537.36",desktop,chrome,linux
c87e360a-d70a-4d1c-ac3b-accafbbe1c29,sess_cc304ac9db15,0,none,click,2025-12-11T14:50:28.110334,192.168.134.14,"Mozilla/5.0 (X11; Linux x86_64) AppleWebKit/537.36 (KHTML, like Gecko) Chrome/120.0.0.0 Safari/537.36",desktop,chrome,linux
566fd803-c5d7-43b8-b747-dfb3029d7499,sess_cc304ac9db15,0,none,page_view,2025-12-11T14:50:28.252813,192.168.134.14,"Mozilla/5.0 (X11; Linux x86_64) AppleWebKit/537.36 (KHTML, like Gecko) Chrome/120.0.0.0 Safari/537.36",desktop,chrome,linux
8545ce62-db32-4d40-855b-6fd77f437afb,sess_a5d6cec75a60,1,yandex_bot,page_view,2025-12-11T14:50:29.133213,66.249.83.124,"Mozilla/5.0 AppleWebKit/537.36 (KHTML, like Gecko; compatible; Googlebot/2.1; +http://www.google.com/bot.html) Chrome/120.0.6099.108 Safari/537.36",desktop,chrome,other
73b31514-4c52-4808-9b78-cda16bbb1d66,sess_a5d6cec75a60,1,yandex_bot,scroll,2025-12-11T14:50:28.724121,66.249.83.124,"Mozilla/5.0 AppleWebKit/537.36 (KHTML, like Gecko; compatible; Googlebot/2.1; +http://www.google.com/bot.html) Chrome/120.0.6099.108 Safari/537.36",desktop,chrome,other
23301966-6ffe-486b-a2fb-344844d2ea04,sess_a5d6cec75a60,1,yandex_bot,page_view,2025-12-11T14:50:31.197438,66.249.83.124,"Mozilla/5.0 AppleWebKit/537.36 (KHTML, like Gecko; compatible; Googlebot/2.1; +http://www.google.com/bot.html) Chrome/120.0.6099.108 Safari/537.36",desktop,chrome,other
6aca5a43-dca7-422b-bab7-487089b1fd34,sess_a5d6cec75a60,1,yandex_bot,scroll,2025-12-11T14:50:30.686815,66.249.83.124,"Mozilla/5.0 AppleWebKit/537.36 (KHTML, like Gecko; compatible; Googlebot/2.1; +http://www.google.com/bot.html) Chrome/120.0.6099.108 Safari/537.36",desktop,chrome,other
0b9b844c-39c7-42e7-85cb-c783534a91f9,sess_936577c38d3e,1,selenium_bot,page_view,2025-12-11T14:50:28.615310,10.210.74.20,"Mozilla/5.0 AppleWebKit/537.36 (KHTML, like Gecko; compatible; Googlebot/2.1; +http://www.google.com/bot.html) Chrome/120.0.6099.108 Safari/537.36",desktop,chrome,other
6a237f13-95bf-4378-ab0c-b10fff21279d,sess_a5d6cec75a60,1,yandex_bot,scroll,2025-12-11T14:50:31.672621,66.249.83.124,"Mozilla/5.0 AppleWebKit/537.36 (KHTML, like Gecko; compatible; Googlebot/2.1; +http://www.google.com/bot.html) Chrome/120.0.6099.108 Safari/537.36",desktop,chrome,other
9636e54c-5d77-4ad4-87c8-f3470cb6bb30,sess_936577c38d3e,1,selenium_bot,page_view,2025-12-11T14:50:29.355094,10.210.74.20,"Mozilla/5.0 AppleWebKit/537.36 (KHTML, like Gecko; compatible; Googlebot/2.1; +http://www.google.com/bot.html) Chrome/120.0.6099.108 Safari/537.36",desktop,chrome,other
b50ada36-8789-4772-a16e-6d1b02e76212,sess_a5d6cec75a60,1,yandex_bot,page_view,2025-12-11T14:50:36.855842,66.249.83.124,"Mozilla/5.0 AppleWebKit/537.36 (KHTML, like Gecko; compatible; Googlebot/2.1; +http://www.google.com/bot.html) Chrome/120.0.6099.108 Safari/537.36",desktop,chrome,other
c15993f3-0ffb-43b1-a4f4-c3eda6e769df,sess_a5d6cec75a60,1,yandex_bot,search,2025-12-11T14:50:29.186299,66.249.83.124,"Mozilla/5.0 AppleWebKit/537.36 (KHTML, like Gecko; compatible; Googlebot/2.1; +http://www.google.com/bot.html) Chrome/120.0.6099.108 Safari/537.36",desktop,chrome,other
a8d21f9a-b269-4405-afe8-7d001f9cb848,sess_936577c38d3e,1,selenium_bot,scroll,2025-12-11T14:50:30.244852,10.210.74.20,"Mozilla/5.0 AppleWebKit/537.36 (KHTML, like Gecko; compatible; Googlebot/2.1; +http://www.google.com/bot.html) Chrome/120.0.6099.108 Safari/537.36",desktop,chrome,other
7ba9de22-1a8b-4384-b911-1fa8db59f93d,sess_936577c38d3e,1,selenium_bot,page_view,2025-12-11T14:50:33.491056,10.210.74.20,"Mozilla/5.0 AppleWebKit/537.36 (KHTML, like Gecko; compatible; Googlebot/2.1; +http://www.google.com/bot.html) Chrome/120.0.6099.108 Safari/537.36",desktop,chrome,other
0166389f-b88a-4ba2-b3c9-7c002f9dada6,sess_936577c38d3e,1,selenium_bot,search,2025-12-11T14:50:30.196674,10.210.74.20,"Mozilla/5.0 AppleWebKit/537.36 (KHTML, like Gecko; compatible; Googlebot/2.1; +http://www.google.com/bot.html) Chrome/120.0.6099.108 Safari/537.36",desktop,chrome,other
ea7333a3-d35c-481a-b566-10085ab1e4da,sess_f1cfedddca2f,0,none,click,2025-12-11T14:50:29.106981,172.16.86.86,"Mozilla/5.0 (Macintosh; Intel Mac OS X 10_15_7) AppleWebKit/605.1.15 (KHTML, like Gecko) Version/17.0 Safari/605.1.15",desktop,safari,macos
6d8160ff-1a23-40d5-bcb1-e502151b4a12,sess_f1cfedddca2f,0,none,page_view,2025-12-11T14:50:29.032129,172.16.86.86,"Mozilla/5.0 (Macintosh; Intel Mac OS X 10_15_7) AppleWebKit/605.1.15 (KHTML, like Gecko) Version/17.0 Safari/605.1.15",desktop,safari,macos
44b34157-4236-4313-99ce-d71e73ce22d9,sess_f1cfedddca2f,0,none,page_view,2025-12-11T14:50:30.476187,172.16.86.86,"Mozilla/5.0 (Macintosh; Intel Mac OS X 10_15_7) AppleWebKit/605.1.15 (KHTML, like Gecko) Version/17.0 Safari/605.1.15",desktop,safari,macos
41debe71-3c2b-463d-8327-4b8f30bfc0f2,sess_f1cfedddca2f,0,none,page_view,2025-12-11T14:50:31.482243,172.16.86.86,"Mozilla/5.0 (Macintosh; Intel Mac OS X 10_15_7) AppleWebKit/605.1.15 (KHTML, like Gecko) Version/17.0 Safari/605.1.15",desktop,safari,macos
4fcbe3f7-26a0-4cee-aff9-7db719bc4aa2,sess_ce991298b2e0,1,selenium_bot,page_view,2025-12-11T14:50:30.422079,10.195.249.114,Mozilla/5.0 (compatible; Bingbot/2.0; +http://www.bing.com/bingbot.htm),desktop,bot_client,other
3b185044-2198-4fd4-91df-fa30448590f5,sess_ce991298b2e0,1,selenium_bot,click,2025-12-11T14:50:29.735059,10.195.249.114,Mozilla/5.0 (compatible; Bingbot/2.0; +http://www.bing.com/bingbot.htm),desktop,bot_client,other
5e7543cc-067f-4bbb-b12e-a329d7c008a8,sess_ce991298b2e0,1,selenium_bot,page_view,2025-12-11T14:50:30.929839,10.195.249.114,Mozilla/5.0 (compatible; Bingbot/2.0; +http://www.bing.com/bingbot.htm),desktop,bot_client,other
3fd4b997-77b9-4268-b444-89581d4c531c,sess_ce991298b2e0,1,selenium_bot,page_view,2025-12-11T14:50:34.027833,10.195.249.114,Mozilla/5.0 (compatible; Bingbot/2.0; +http://www.bing.com/bingbot.htm),desktop,bot_client,other
6c886d10-30db-49d9-b6b4-96f09c725b92,sess_0e0d4867ee3e,0,none,click,2025-12-11T14:50:29.318043,10.0.148.207,"Mozilla/5.0 (iPhone; CPU iPhone OS 17_0 like Mac OS X) AppleWebKit/605.1.15 (KHTML, like Gecko) Version/17.0 Mobile/15E148 Safari/604.1",mobile,safari,macos
0979b2e6-e7e8-414c-9133-9bd0bdaa99e3,sess_a86ca87f9c33,0,none,click,2025-12-11T14:50:31.033709,172.16.149.239,"Mozilla/5.0 (Windows NT 10.0; Win64; x64) AppleWebKit/537.36 (KHTML, like Gecko) Chrome/120.0.0.0 Safari/537.36",desktop,chrome,windows
c9877cd3-bcdc-4070-99d1-0af714a4fbcc,sess_a86ca87f9c33,0,none,scroll,2025-12-11T14:50:30.332821,172.16.149.239,"Mozilla/5.0 (Windows NT 10.0; Win64; x64) AppleWebKit/537.36 (KHTML, like Gecko) Chrome/120.0.0.0 Safari/537.36",desktop,chrome,windows
a33ee06d-585b-46f2-8a57-c7d6cf5ee2c1,sess_a86ca87f9c33,0,none,click,2025-12-11T14:50:31.304560,172.16.149.239,"Mozilla/5.0 (Windows NT 10.0; Win64; x64) AppleWebKit/537.36 (KHTML, like Gecko) Chrome/120.0.0.0 Safari/537.36",desktop,chrome,windows
5ed752a0-0915-4c36-b581-2861880eb61d,sess_730055ee8d08,0,none,click,2025-12-11T14:50:30.858342,172.16.108.148,Mozilla/5.0 (Windows NT 10.0; Win64; x64; rv:121.0) Gecko/20100101 Firefox/121.0,desktop,firefox,windows
a73d573a-a1b7-4e9f-a311-84cd367a0c85,sess_50f826192645,0,none,scroll,2025-12-11T14:50:30.767048,192.168.107.77,"Mozilla/5.0 (Windows NT 10.0; Win64; x64) AppleWebKit/537.36 (KHTML, like Gecko) Chrome/120.0.0.0 Safari/537.36",desktop,chrome,windows
1df5b7cd-f242-47a0-a9ff-8e94669a3307,sess_a60e0bb952d4,0,none,click,2025-12-11T14:50:31.519274,192.168.22.39,"Mozilla/5.0 (Windows NT 10.0; Win64; x64) AppleWebKit/537.36 (KHTML, like Gecko) Chrome/120.0.0.0 Safari/537.36",desktop,chrome,windows
166e7b7f-b253-46e9-9d90-bd4bfdb9d991,sess_a60e0bb952d4,0,none,scroll,2025-12-11T14:50:31.374458,192.168.22.39,"Mozilla/5.0 (Windows NT 10.0; Win64; x64) AppleWebKit/537.36 (KHTML, like Gecko) Chrome/120.0.0.0 Safari/537.36",desktop,chrome,windows
89724ac7-adb3-4c8a-8d56-121159852cf9,sess_730055ee8d08,0,none,scroll,2025-12-11T14:50:31.643094,172.16.108.148,Mozilla/5.0 (Windows NT 10.0; Win64; x64; rv:121.0) Gecko/20100101 Firefox/121.0,desktop,firefox,windows
f75b9ff2-7ff4-4b1b-8bc7-48f81bfbdde0,sess_50f826192645,0,none,page_view,2025-12-11T14:50:30.970901,192.168.107.77,"Mozilla/5.0 (Windows NT 10.0; Win64; x64) AppleWebKit/537.36 (KHTML, like Gecko) Chrome/120.0.0.0 Safari/537.36",desktop,chrome,windows
e869e17a-3cfe-414f-9b6c-c6fcf95436b2,sess_730055ee8d08,0,none,scroll,2025-12-11T14:50:33.301587,172.16.108.148,Mozilla/5.0 (Windows NT 10.0; Win64; x64; rv:121.0) Gecko/20100101 Firefox/121.0,desktop,firefox,windows
e3b79232-9915-4bb9-8740-2fadb706e9cb,sess_730055ee8d08,0,none,page_view,2025-12-11T14:50:34.919312,172.16.108.148,Mozilla/5.0 (Windows NT 10.0; Win64; x64; rv:121.0) Gecko/20100101 Firefox/121.0,desktop,firefox,windows
e01d2585-9456-44c6-a16b-f334b7047e05,sess_ef223935cf4e,1,googlebot,click,2025-12-11T14:50:31.400056,10.178.116.141,Go-http-client/2.0,desktop,other,other
8ec265dc-8c53-4c34-8d95-de76efcc7dac,sess_ef223935cf4e,1,googlebot,page_view,2025-12-11T14:50:31.470161,10.178.116.141,Go-http-client/2.0,desktop,other,other
5849304a-2f7f-4824-830b-2fef250275de,sess_ef223935cf4e,1,googlebot,page_view,2025-12-11T14:50:33.775651,10.178.116.141,Go-http-client/2.0,desktop,other,other
df39857f-c65c-47a3-8352-154085e73086,sess_ef223935cf4e,1,googlebot,page_view,2025-12-11T14:50:35.308819,10.178.116.141,Go-http-client/2.0,desktop,other,other
74ea16b7-65d3-45f2-a910-081d7682d83f,sess_ef223935cf4e,1,googlebot,search,2025-12-11T14:50:38.157438,10.178.116.141,Go-http-client/2.0,desktop,other,other
051cb739-feca-4e63-9803-0b16725039dd,sess_d149bcdd1bf2,1,bingbot,page_view,2025-12-11T14:50:32.312649,66.249.66.111,Mozilla/5.0 (compatible; Bingbot/2.0; +http://www.bing.com/bingbot.htm),desktop,bot_client,other
0482eb86-836d-4d95-ae5f-0880bd721056,sess_d149bcdd1bf2,1,bingbot,page_view,2025-12-11T14:50:31.791593,66.249.66.111,Mozilla/5.0 (compatible; Bingbot/2.0; +http://www.bing.com/bingbot.htm),desktop,bot_client,other
63da09c7-6a92-49f9-a2e0-d522705e4a30,sess_864f06d31525,0,none,click,2025-12-11T14:50:32.541134,172.16.224.35,Mozilla/5.0 (Windows NT 10.0; Win64; x64; rv:121.0) Gecko/20100101 Firefox/121.0,desktop,firefox,windows
51c0bcf3-61d7-4586-8559-7eb58d26be51,sess_d149bcdd1bf2,1,bingbot,click,2025-12-11T14:50:32.724290,66.249.66.111,Mozilla/5.0 (compatible; Bingbot/2.0; +http://www.bing.com/bingbot.htm),desktop,bot_client,other
364bf13a-06e6-41c8-9129-3e8dde9550bd,sess_864f06d31525,0,none,scroll,2025-12-11T14:50:32.579881,172.16.224.35,Mozilla/5.0 (Windows NT 10.0; Win64; x64; rv:121.0) Gecko/20100101 Firefox/121.0,desktop,firefox,windows
51b91e29-f5ab-44f8-b37d-d599010dc7e5,sess_864f06d31525,0,none,page_view,2025-12-11T14:50:32.335750,172.16.224.35,Mozilla/5.0 (Windows NT 10.0; Win64; x64; rv:121.0) Gecko/20100101 Firefox/121.0,desktop,firefox,windows
bbcd2a8d-dfbb-4036-ae92-9c9e5f8d1912,sess_76dfb4dde7c9,0,none,search,2025-12-11T14:50:31.848606,10.0.115.201,"Mozilla/5.0 (iPhone; CPU iPhone OS 17_0 like Mac OS X) AppleWebKit/605.1.15 (KHTML, like Gecko) Version/17.0 Mobile/15E148 Safari/604.1",mobile,safari,macos
e7ef2365-1417-496a-91a8-03d2d3d9fafc,sess_d0b2a614c6ba,0,none,click,2025-12-11T14:50:31.601836,192.168.117.246,"Mozilla/5.0 (Windows NT 10.0; Win64; x64) AppleWebKit/537.36 (KHTML, like Gecko) Chrome/120.0.0.0 Safari/537.36",desktop,chrome,windows
70760e0d-f7ac-40b6-ba1f-8cd27343284a,sess_d0b2a614c6ba,0,none,page_view,2025-12-11T14:50:32.988791,192.168.117.246,"Mozilla/5.0 (Windows NT 10.0; Win64; x64) AppleWebKit/537.36 (KHTML, like Gecko) Chrome/120.0.0.0 Safari/537.36",desktop,chrome,windows
d8f66059-e14c-4ba1-a8c3-8d37d85807d4,sess_d0b2a614c6ba,0,none,search,2025-12-11T14:50:33.175541,192.168.117.246,"Mozilla/5.0 (Windows NT 10.0; Win64; x64) AppleWebKit/537.36 (KHTML, like Gecko) Chrome/120.0.0.0 Safari/537.36",desktop,chrome,windows
a13c9847-2f26-4973-8fde-103522112e9c,sess_d0b2a614c6ba,0,none,page_view,2025-12-11T14:50:33.742788,192.168.117.246,"Mozilla/5.0 (Windows NT 10.0; Win64; x64) AppleWebKit/537.36 (KHTML, like Gecko) Chrome/120.0.0.0 Safari/537.36",desktop,chrome,windows
024a18c9-43d5-4807-bc73-12e35932c481,sess_4c8f39ebedbc,0,none,click,2025-12-11T14:50:33.753006,172.16.202.20,"Mozilla/5.0 (iPhone; CPU iPhone OS 17_0 like Mac OS X) AppleWebKit/605.1.15 (KHTML, like Gecko) Version/17.0 Mobile/15E148 Safari/604.1",mobile,safari,macos
7106a9da-db0b-4f1f-b028-b39fba5d69c0,sess_65524ff7c658,1,facebook_externalhit,scroll,2025-12-11T14:50:33.714938,192.168.148.212,Googlebot/2.1 (+http://www.google.com/bot.html),desktop,bot_client,other
cd0ea93f-159b-4e96-b58a-6924574f9eb7,sess_65524ff7c658,1,facebook_externalhit,page_view,2025-12-11T14:50:33.202122,192.168.148.212,Googlebot/2.1 (+http://www.google.com/bot.html),desktop,bot_client,other
b60acba0-0b83-43f9-ab9e-db0c9769bb6f,sess_65524ff7c658,1,facebook_externalhit,search,2025-12-11T14:50:35.253182,192.168.148.212,Googlebot/2.1 (+http://www.google.com/bot.html),desktop,bot_client,other
a61285f6-50a3-472b-9d44-618e582341cb,sess_65524ff7c658,1,facebook_externalhit,page_view,2025-12-11T14:50:34.187264,192.168.148.212,Googlebot/2.1 (+http://www.google.com/bot.html),desktop,bot_client,other
a801b714-2f9f-46db-b40a-525def234c61,sess_241ceb2f140c,0,none,page_view,2025-12-11T14:50:34.468618,172.16.36.67,Mozilla/5.0 (Windows NT 10.0; Win64; x64; rv:121.0) Gecko/20100101 Firefox/121.0,desktop,firefox,windows
23ad4cdb-272a-4da4-8605-547a202ed7ef,sess_3294bf352287,1,bingbot,login,2025-12-11T14:50:34.096032,10.21.90.75,curl/7.88.1,desktop,other,other
dde5d81f-12f1-4f19-84ac-194443fff8e8,sess_3294bf352287,1,bingbot,page_view,2025-12-11T14:50:34.222081,10.21.90.75,curl/7.88.1,desktop,other,other
33e92d80-3134-43e5-be0e-100a8dd53357,sess_3294bf352287,1,bingbot,scroll,2025-12-11T14:50:34.187534,10.21.90.75,curl/7.88.1,desktop,other,other
746082e5-55e7-4f16-b47a-64ebcde458a8,sess_3294bf352287,1,bingbot,page_view,2025-12-11T14:50:37.600310,10.21.90.75,curl/7.88.1,desktop,other,other
7f8110c2-1c10-41ec-a0ba-1b9891cb8731,sess_a3667dbaabd0,1,curl_bot,login,2025-12-11T14:50:34.276023,172.22.72.122,"Mozilla/5.0 AppleWebKit/537.36 (KHTML, like Gecko; compatible; Googlebot/2.1; +http://www.google.com/bot.html) Chrome/120.0.6099.108 Safari/537.36",desktop,chrome,other
9fb5841b-5696-4926-bfb6-36387b876b44,sess_a3667dbaabd0,1,curl_bot,page_view,2025-12-11T14:50:34.540000,172.22.72.122,"Mozilla/5.0 AppleWebKit/537.36 (KHTML, like Gecko; compatible; Googlebot/2.1; +http://www.google.com/bot.html) Chrome/120.0.6099.108 Safari/537.36",desktop,chrome,other
8846facb-cc5d-4768-841e-3e643632076d,sess_a3667dbaabd0,1,curl_bot,page_view,2025-12-11T14:50:36.012155,172.22.72.122,"Mozilla/5.0 AppleWebKit/537.36 (KHTML, like Gecko; compatible; Googlebot/2.1; +http://www.google.com/bot.html) Chrome/120.0.6099.108 Safari/537.36",desktop,chrome,other
b0e1e09f-acb8-47a7-bba3-13480d0cd3a1,sess_a3667dbaabd0,1,curl_bot,search,2025-12-11T14:50:37.533041,172.22.72.122,"Mozilla/5.0 AppleWebKit/537.36 (KHTML, like Gecko; compatible; Googlebot/2.1; +http://www.google.com/bot.html) Chrome/120.0.6099.108 Safari/537.36",desktop,chrome,other
09672fc9-da12-4bea-93bb-c853f6af9f3d,sess_a3667dbaabd0,1,curl_bot,click,2025-12-11T14:50:35.044568,172.22.72.122,"Mozilla/5.0 AppleWebKit/537.36 (KHTML, like Gecko; compatible; Googlebot/2.1; +http://www.google.com/bot.html) Chrome/120.0.6099.108 Safari/537.36",desktop,chrome,other
29b72ee9-0165-4f9f-91f4-cba01c16440c,sess_a3667dbaabd0,1,curl_bot,click,2025-12-11T14:50:37.722497,172.22.72.122,"Mozilla/5.0 AppleWebKit/537.36 (KHTML, like Gecko; compatible; Googlebot/2.1; +http://www.google.com/bot.html) Chrome/120.0.6099.108 Safari/537.36",desktop,chrome,other
3c1c7394-0207-4992-b697-bd31ca8e29fa,sess_b3014ff8df1c,0,none,page_view,2025-12-11T14:50:34.087149,10.0.24.220,"Mozilla/5.0 (iPhone; CPU iPhone OS 17_0 like Mac OS X) AppleWebKit/605.1.15 (KHTML, like Gecko) Version/17.0 Mobile/15E148 Safari/604.1",mobile,safari,macos
191be0d3-6629-4e00-b096-01148839ed44,sess_b3014ff8df1c,0,none,click,2025-12-11T14:50:35.307441,10.0.24.220,"Mozilla/5.0 (iPhone; CPU iPhone OS 17_0 like Mac OS X) AppleWebKit/605.1.15 (KHTML, like Gecko) Version/17.0 Mobile/15E148 Safari/604.1",mobile,safari,macos
2a78c7e0-ef5b-41b3-8484-2802e3e188b4,sess_b3014ff8df1c,0,none,scroll,2025-12-11T14:50:36.759567,10.0.24.220,"Mozilla/5.0 (iPhone; CPU iPhone OS 17_0 like Mac OS X) AppleWebKit/605.1.15 (KHTML, like Gecko) Version/17.0 Mobile/15E148 Safari/604.1",mobile,safari,macos
ea004325-085f-428e-a660-02ef6e159734,sess_b3014ff8df1c,0,none,page_view,2025-12-11T14:50:38.748829,10.0.24.220,"Mozilla/5.0 (iPhone; CPU iPhone OS 17_0 like Mac OS X) AppleWebKit/605.1.15 (KHTML, like Gecko) Version/17.0 Mobile/15E148 Safari/604.1",mobile,safari,macos
ec93c48b-b055-4ff6-b9c5-0ed59e6b847a,sess_3276d45df40b,1,bingbot,click,2025-12-11T14:50:34.286039,172.23.101.113,Selenium/Chrome/120.0.6099.109,desktop,chrome,other
58ff9d84-88c6-4cf2-9f1a-29539d7e644e,sess_3276d45df40b,1,bingbot,page_view,2025-12-11T14:50:35.374571,172.23.101.113,Selenium/Chrome/120.0.6099.109,desktop,chrome,other
482decc7-00c3-420c-8668-b22f2be50fd3,sess_3276d45df40b,1,bingbot,click,2025-12-11T14:50:36.781804,172.23.101.113,Selenium/Chrome/120.0.6099.109,desktop,chrome,other
217e3879-5203-42aa-8470-eaa02928ea4c,sess_3276d45df40b,1,bingbot,click,2025-12-11T14:50:36.470717,172.23.101.113,Selenium/Chrome/120.0.6099.109,desktop,chrome,other
6ea69523-2d96-48e1-b0db-113b8d3390ff,sess_3276d45df40b,1,bingbot,click,2025-12-11T14:50:37.018245,172.23.101.113,Selenium/Chrome/120.0.6099.109,desktop,chrome,other
3e2d7c08-dace-46ff-9e61-fc56d8c5fc42,sess_3276d45df40b,1,bingbot,page_view,2025-12-11T14:50:38.809969,172.23.101.113,Selenium/Chrome/120.0.6099.109,desktop,chrome,other
03876360-2c01-4089-b322-822301a1643f,sess_49122b332426,1,yandex_bot,click,2025-12-11T14:50:34.581068,66.249.95.212,Mozilla/5.0 (compatible; Bingbot/2.0; +http://www.bing.com/bingbot.htm),desktop,bot_client,other
345478c4-af99-49ac-a192-599307241dc0,sess_49122b332426,1,yandex_bot,page_view,2025-12-11T14:50:35.630962,66.249.95.212,Mozilla/5.0 (compatible; Bingbot/2.0; +http://www.bing.com/bingbot.htm),desktop,bot_client,other
7b55d9b9-9d9d-4687-b741-02486cf2ac2d,sess_49122b332426,1,yandex_bot,scroll,2025-12-11T14:50:37.403077,66.249.95.212,Mozilla/5.0 (compatible; Bingbot/2.0; +http://www.bing.com/bingbot.htm),desktop,bot_client,other
acf33221-02c2-4d84-abd2-96e3d5667ed3,sess_43993e5b42c5,1,googlebot,scroll,2025-12-11T14:50:35.193701,10.239.46.35,python-requests/2.31.0,desktop,other,other
4b7463e0-dbe9-422d-bbef-d24f5c1abec0,sess_43993e5b42c5,1,googlebot,page_view,2025-12-11T14:50:36.176891,10.239.46.35,python-requests/2.31.0,desktop,other,other
f89e9acf-d0b4-4a95-9d58-12c18f25e6b8,sess_43993e5b42c5,1,googlebot,search,2025-12-11T14:50:36.427025,10.239.46.35,python-requests/2.31.0,desktop,other,other
5baef19b-3d0b-48a2-bbe5-4e00e3ae0bbe,sess_db89f9233280,0,none,page_view,2025-12-11T14:50:35.342224,10.0.32.73,"Mozilla/5.0 (Windows NT 10.0; Win64; x64) AppleWebKit/537.36 (KHTML, like Gecko) Chrome/120.0.0.0 Safari/537.36",desktop,chrome,windows
b1d2cc1c-25f5-4844-b040-979c6a0d6eb0,sess_db89f9233280,0,none,page_view,2025-12-11T14:50:36.731333,10.0.32.73,"Mozilla/5.0 (Windows NT 10.0; Win64; x64) AppleWebKit/537.36 (KHTML, like Gecko) Chrome/120.0.0.0 Safari/537.36",desktop,chrome,windows
78844b87-e4f8-4ffe-99bf-b5f5e5d1385d,sess_88c2348a1fef,1,selenium_bot,click,2025-12-11T14:50:36.665701,192.168.19.111,Go-http-client/2.0,desktop,other,other
a03623b8-9c15-4e41-82ef-54e212f2b1ec,sess_88c2348a1fef,1,selenium_bot,scroll,2025-12-11T14:50:37.223863,192.168.19.111,Go-http-client/2.0,desktop,other,other
8f670b08-292d-4366-b24d-48f3343a4205,sess_88c2348a1fef,1,selenium_bot,login,2025-12-11T14:50:36.861804,192.168.19.111,Go-http-client/2.0,desktop,other,other
153b2473-5866-4313-ae53-10412e680650,sess_88c2348a1fef,1,selenium_bot,scroll,2025-12-11T14:50:41.023961,192.168.19.111,Go-http-client/2.0,desktop,other,other
80e13df5-221a-495f-b9fa-35147e6743b6,sess_88c2348a1fef,1,selenium_bot,click,2025-12-11T14:50:40.850150,192.168.19.111,Go-http-client/2.0,desktop,other,other
e4c8073b-f4bd-40f1-9bfb-bfbc5b1524e2,sess_88c2348a1fef,1,selenium_bot,page_view,2025-12-11T14:50:45.188603,192.168.19.111,Go-http-client/2.0,desktop,other,other
990d7aae-51ac-45fa-a1c7-f10de52352ab,sess_88c2348a1fef,1,selenium_bot,page_view,2025-12-11T14:50:42.284894,192.168.19.111,Go-http-client/2.0,desktop,other,other
dafdab5f-47bc-47ef-a69e-7fafbd4d67cd,sess_07fd7371e36f,0,none,click,2025-12-11T14:50:36.333081,172.16.182.118,"Mozilla/5.0 (iPhone; CPU iPhone OS 17_0 like Mac OS X) AppleWebKit/605.1.15 (KHTML, like Gecko) Version/17.0 Mobile/15E148 Safari/604.1",mobile,safari,macos
bb92635f-b071-4bf1-8bd5-f26a6c2239d7,sess_07fd7371e36f,0,none,page_view,2025-12-11T14:50:37.003278,172.16.182.118,"Mozilla/5.0 (iPhone; CPU iPhone OS 17_0 like Mac OS X) AppleWebKit/605.1.15 (KHTML, like Gecko) Version/17.0 Mobile/15E148 Safari/604.1",mobile,safari,macos
b76f2a5b-9d59-45c7-80bc-3e37a1d3c913,sess_07fd7371e36f,0,none,page_view,2025-12-11T14:50:37.513689,172.16.182.118,"Mozilla/5.0 (iPhone; CPU iPhone OS 17_0 like Mac OS X) AppleWebKit/605.1.15 (KHTML, like Gecko) Version/17.0 Mobile/15E148 Safari/604.1",mobile,safari,macos
64a7ac10-1ca7-406e-be58-33045bb791c8,sess_07fd7371e36f,0,none,click,2025-12-11T14:50:36.986625,172.16.182.118,"Mozilla/5.0 (iPhone; CPU iPhone OS 17_0 like Mac OS X) AppleWebKit/605.1.15 (KHTML, like Gecko) Version/17.0 Mobile/15E148 Safari/604.1",mobile,safari,macos
c5d68c6f-54e5-42a7-bf9b-8f81ffca66f4,sess_1b53d61b5862,1,curl_bot,click,2025-12-11T14:50:36.891742,66.249.78.60,Mozilla/5.0 (compatible; Bingbot/2.0; +http://www.bing.com/bingbot.htm),desktop,bot_client,other
050cf8d8-314f-42ff-aca0-5bbdbf6bfb34,sess_1b53d61b5862,1,curl_bot,click,2025-12-11T14:50:38.037951,66.249.78.60,Mozilla/5.0 (compatible; Bingbot/2.0; +http://www.bing.com/bingbot.htm),desktop,bot_client,other
6b092cdc-8066-442f-a1fa-7cefe64c3349,sess_1b53d61b5862,1,curl_bot,page_view,2025-12-11T14:50:37.398648,66.249.78.60,Mozilla/5.0 (compatible; Bingbot/2.0; +http://www.bing.com/bingbot.htm),desktop,bot_client,other
35931ec3-a10d-4bc0-b1ca-94ad11cc7b8f,sess_1b53d61b5862,1,curl_bot,click,2025-12-11T14:50:39.592086,66.249.78.60,Mozilla/5.0 (compatible; Bingbot/2.0; +http://www.bing.com/bingbot.htm),desktop,bot_client,other
22e04076-4112-42e4-91e8-abca6e99ad83,sess_1b53d61b5862,1,curl_bot,page_view,2025-12-11T14:50:41.556646,66.249.78.60,Mozilla/5.0 (compatible; Bingbot/2.0; +http://www.bing.com/bingbot.htm),desktop,bot_client,other
80739fbc-7f16-4ecf-9719-f13d610a914c,sess_5a14703eff3c,0,none,page_view,2025-12-11T14:50:37.025751,192.168.161.118,Mozilla/5.0 (Windows NT 10.0; Win64; x64; rv:121.0) Gecko/20100101 Firefox/121.0,desktop,firefox,windows
31e932d4-6d7c-43e4-9c37-2dc666bc49ae,sess_5a14703eff3c,0,none,scroll,2025-12-11T14:50:37.368202,192.168.161.118,Mozilla/5.0 (Windows NT 10.0; Win64; x64; rv:121.0) Gecko/20100101 Firefox/121.0,desktop,firefox,windows
7cb3eeb1-1b46-44a2-8b46-bb69d01cac43,sess_5a14703eff3c,0,none,scroll,2025-12-11T14:50:39.344075,192.168.161.118,Mozilla/5.0 (Windows NT 10.0; Win64; x64; rv:121.0) Gecko/20100101 Firefox/121.0,desktop,firefox,windows
435fc19c-923e-4a50-a333-8ba13a5b335d,sess_5a14703eff3c,0,none,page_view,2025-12-11T14:50:39.059429,192.168.161.118,Mozilla/5.0 (Windows NT 10.0; Win64; x64; rv:121.0) Gecko/20100101 Firefox/121.0,desktop,firefox,windows
134643d1-83d7-4201-9c5f-c09c37b834d1,sess_943d2d02947e,0,none,page_view,2025-12-11T14:50:32.386380,172.16.71.56,"Mozilla/5.0 (Linux; Android 11; SM-A505F) AppleWebKit/537.36 (KHTML, like Gecko) Chrome/119.0.6045.163 Mobile Safari/537.36",mobile,chrome,android
82e309c0-3bb2-4377-b084-e2888c01449a,sess_7ff5ce5a6024,1,googlebot,page_view,2025-12-11T14:50:38.021720,192.168.155.1,"Mozilla/5.0 AppleWebKit/537.36 (KHTML, like Gecko; compatible; Googlebot/2.1; +http://www.google.com/bot.html) Chrome/120.0.6099.108 Safari/537.36",desktop,chrome,other
2e90764d-3f85-49d5-9013-ec848e0eaaf1,sess_7ff5ce5a6024,1,googlebot,scroll,2025-12-11T14:50:38.463068,192.168.155.1,"Mozilla/5.0 AppleWebKit/537.36 (KHTML, like Gecko; compatible; Googlebot/2.1; +http://www.google.com/bot.html) Chrome/120.0.6099.108 Safari/537.36",desktop,chrome,other
60f81d12-4c4e-4012-815b-a1de2f386217,sess_7ff5ce5a6024,1,googlebot,page_view,2025-12-11T14:50:38.337042,192.168.155.1,"Mozilla/5.0 AppleWebKit/537.36 (KHTML, like Gecko; compatible; Googlebot/2.1; +http://www.google.com/bot.html) Chrome/120.0.6099.108 Safari/537.36",desktop,chrome,other
ca4f2c74-d91d-4151-931a-9852b7f1bb49,sess_7ff5ce5a6024,1,googlebot,search,2025-12-11T14:50:39.164312,192.168.155.1,"Mozilla/5.0 AppleWebKit/537.36 (KHTML, like Gecko; compatible; Googlebot/2.1; +http://www.google.com/bot.html) Chrome/120.0.6099.108 Safari/537.36",desktop,chrome,other
007eff9a-eb42-42f0-8cbd-9042fa056e55,sess_7ff5ce5a6024,1,googlebot,page_view,2025-12-11T14:50:38.907617,192.168.155.1,"Mozilla/5.0 AppleWebKit/537.36 (KHTML, like Gecko; compatible; Googlebot/2.1; +http://www.google.com/bot.html) Chrome/120.0.6099.108 Safari/537.36",desktop,chrome,other
15e0c770-0a76-4640-9b86-d2ebf8a7c1b0,sess_7ff5ce5a6024,1,googlebot,page_view,2025-12-11T14:50:38.940761,192.168.155.1,"Mozilla/5.0 AppleWebKit/537.36 (KHTML, like Gecko; compatible; Googlebot/2.1; +http://www.google.com/bot.html) Chrome/120.0.6099.108 Safari/537.36",desktop,chrome,other
13a61a27-1810-43ba-a4ae-51c7272fcb80,sess_7ff5ce5a6024,1,googlebot,page_view,2025-12-11T14:50:41.585543,192.168.155.1,"Mozilla/5.0 AppleWebKit/537.36 (KHTML, like Gecko; compatible; Googlebot/2.1; +http://www.google.com/bot.html) Chrome/120.0.6099.108 Safari/537.36",desktop,chrome,other
9c5d1528-e43e-46bf-beec-3fc4ffec990e,sess_8f67fb4bbbbc,0,none,click,2025-12-11T14:50:38.369569,10.0.102.115,"Mozilla/5.0 (iPhone; CPU iPhone OS 17_0 like Mac OS X) AppleWebKit/605.1.15 (KHTML, like Gecko) Version/17.0 Mobile/15E148 Safari/604.1",mobile,safari,macos
52383c1a-bad8-4f4b-8ccc-f7bc8b73efc7,sess_3b0e90bf9877,0,none,page_view,2025-12-11T14:50:37.610708,172.16.38.126,"Mozilla/5.0 (Linux; Android 11; SM-A505F) AppleWebKit/537.36 (KHTML, like Gecko) Chrome/119.0.6045.163 Mobile Safari/537.36",mobile,chrome,android
9389c2f3-295c-4e59-8c5b-5b0edd1f4419,sess_a46f9f0b823b,0,none,click,2025-12-11T14:50:38.889171,10.0.226.161,"Mozilla/5.0 (Windows NT 10.0; Win64; x64) AppleWebKit/537.36 (KHTML, like Gecko) Chrome/120.0.0.0 Safari/537.36",desktop,chrome,windows
c71affa2-329d-41ce-a35c-200c0353e05b,sess_a46f9f0b823b,0,none,scroll,2025-12-11T14:50:39.603555,10.0.226.161,"Mozilla/5.0 (Windows NT 10.0; Win64; x64) AppleWebKit/537.36 (KHTML, like Gecko) Chrome/120.0.0.0 Safari/537.36",desktop,chrome,windows
d2620f95-805b-4df4-8aed-81f0a940e5f7,sess_a46f9f0b823b,0,none,scroll,2025-12-11T14:50:39.118397,10.0.226.161,"Mozilla/5.0 (Windows NT 10.0; Win64; x64) AppleWebKit/537.36 (KHTML, like Gecko) Chrome/120.0.0.0 Safari/537.36",desktop,chrome,windows
69876bb2-fe53-4f09-b0ac-8b0d0eef797c,sess_78b234934f8e,0,none,scroll,2025-12-11T14:50:38.020582,10.0.192.186,"Mozilla/5.0 (Macintosh; Intel Mac OS X 10_15_7) AppleWebKit/605.1.15 (KHTML, like Gecko) Version/17.0 Safari/605.1.15",desktop,safari,macos
f00f7441-2be9-450f-9924-819ee5b48d2f,sess_086f2c97d864,0,none,page_view,2025-12-11T14:50:39.038079,192.168.234.148,"Mozilla/5.0 (Macintosh; Intel Mac OS X 10_15_7) AppleWebKit/605.1.15 (KHTML, like Gecko) Version/17.0 Safari/605.1.15",desktop,safari,macos
661615b5-b2b6-410e-997f-8aa94faeada8,sess_b0e29c6b106e,0,none,click,2025-12-11T14:50:38.647056,10.0.230.231,"Mozilla/5.0 (Linux; Android 11; SM-A505F) AppleWebKit/537.36 (KHTML, like Gecko) Chrome/119.0.6045.163 Mobile Safari/537.36",mobile,chrome,android
ab4af3a6-0337-474a-9ba9-0baf5718d83b,sess_a95afe39fa82,0,none,page_view,2025-12-11T14:50:39.095687,192.168.51.80,"Mozilla/5.0 (Windows NT 10.0; Win64; x64) AppleWebKit/537.36 (KHTML, like Gecko) Chrome/120.0.0.0 Safari/537.36",desktop,chrome,windows
3c9a1073-33e4-4ec4-9aeb-c8005f3bb048,sess_a95afe39fa82,0,none,page_view,2025-12-11T14:50:39.941194,192.168.51.80,"Mozilla/5.0 (Windows NT 10.0; Win64; x64) AppleWebKit/537.36 (KHTML, like Gecko) Chrome/120.0.0.0 Safari/537.36",desktop,chrome,windows
625b7f08-52eb-4eee-9f08-c901a94af86c,sess_a35b14189cb8,0,none,click,2025-12-11T14:50:40.852381,172.16.247.116,"Mozilla/5.0 (X11; Linux x86_64) AppleWebKit/537.36 (KHTML, like Gecko) Chrome/120.0.0.0 Safari/537.36",desktop,chrome,linux
d96f6601-ec4f-4eb9-8f74-36cea90e71af,sess_a95afe39fa82,0,none,search,2025-12-11T14:50:42.746458,192.168.51.80,"Mozilla/5.0 (Windows NT 10.0; Win64; x64) AppleWebKit/537.36 (KHTML, like Gecko) Chrome/120.0.0.0 Safari/537.36",desktop,chrome,windows
04e4fe8d-fe67-46a4-8662-c894ffb2e7ae,sess_a95afe39fa82,0,none,click,2025-12-11T14:50:43.787292,192.168.51.80,"Mozilla/5.0 (Windows NT 10.0; Win64; x64) AppleWebKit/537.36 (KHTML, like Gecko) Chrome/120.0.0.0 Safari/537.36",desktop,chrome,windows
3aab35d9-6d20-462e-ac0c-dba4c8532f9c,sess_246f4e1bc047,0,none,scroll,2025-12-11T14:50:40.963504,172.16.101.64,"Mozilla/5.0 (iPhone; CPU iPhone OS 17_0 like Mac OS X) AppleWebKit/605.1.15 (KHTML, like Gecko) Version/17.0 Mobile/15E148 Safari/604.1",mobile,safari,macos
d3e142c4-0184-477d-b73b-2115a4778139,sess_a0ac57ea00a6,1,facebook_externalhit,page_view,2025-12-11T14:50:40.132524,172.27.96.27,Mozilla/5.0 (compatible; Bingbot/2.0; +http://www.bing.com/bingbot.htm),desktop,bot_client,other
5a231ec3-2256-497f-a017-59f0f92f8734,sess_3910742b0001,0,none,page_view,2025-12-11T14:50:41.036223,192.168.208.207,"Mozilla/5.0 (Windows NT 10.0; Win64; x64) AppleWebKit/537.36 (KHTML, like Gecko) Chrome/120.0.0.0 Safari/537.36",desktop,chrome,windows
324105dd-251a-4fcb-9c52-6d7e3c6eca2e,sess_a0ac57ea00a6,1,facebook_externalhit,click,2025-12-11T14:50:41.456139,172.27.96.27,Mozilla/5.0 (compatible; Bingbot/2.0; +http://www.bing.com/bingbot.htm),desktop,bot_client,other
ec4137f3-9bed-4a1e-b2fe-a99e2960ac07,sess_a0ac57ea00a6,1,facebook_externalhit,page_view,2025-12-11T14:50:43.322910,172.27.96.27,Mozilla/5.0 (compatible; Bingbot/2.0; +http://www.bing.com/bingbot.htm),desktop,bot_client,other
2d1b8b92-564c-4b4d-bb16-b8100034bae8,sess_3910742b0001,0,none,scroll,2025-12-11T14:50:41.786760,192.168.208.207,"Mozilla/5.0 (Windows NT 10.0; Win64; x64) AppleWebKit/537.36 (KHTML, like Gecko) Chrome/120.0.0.0 Safari/537.36",desktop,chrome,windows
f0df75ed-6b6f-4a79-9fc8-cf9788ba0b55,sess_3910742b0001,0,none,scroll,2025-12-11T14:50:42.568868,192.168.208.207,"Mozilla/5.0 (Windows NT 10.0; Win64; x64) AppleWebKit/537.36 (KHTML, like Gecko) Chrome/120.0.0.0 Safari/537.36",desktop,chrome,windows
645e6060-4bce-4976-8ea6-2f942a814043,sess_3910742b0001,0,none,page_view,2025-12-11T14:50:43.667004,192.168.208.207,"Mozilla/5.0 (Windows NT 10.0; Win64; x64) AppleWebKit/537.36 (KHTML, like Gecko) Chrome/120.0.0.0 Safari/537.36",desktop,chrome,windows
4e009b71-8524-4d63-9588-78d4bf59a11b,sess_8f13b36b95d7,0,none,click,2025-12-11T14:50:41.838833,192.168.64.254,"Mozilla/5.0 (Linux; Android 11; SM-A505F) AppleWebKit/537.36 (KHTML, like Gecko) Chrome/119.0.6045.163 Mobile Safari/537.36",mobile,chrome,android
3e72d95f-864c-4a76-b6d6-8bd3ddd025b7,sess_8f13b36b95d7,0,none,search,2025-12-11T14:50:42.277545,192.168.64.254,"Mozilla/5.0 (Linux; Android 11; SM-A505F) AppleWebKit/537.36 (KHTML, like Gecko) Chrome/119.0.6045.163 Mobile Safari/537.36",mobile,chrome,android
4bc59f45-9f16-470f-bb12-18432d62cafe,sess_b3c2195c60ea,0,none,scroll,2025-12-11T14:50:41.983312,192.168.166.128,Mozilla/5.0 (Windows NT 10.0; Win64; x64; rv:121.0) Gecko/20100101 Firefox/121.0,desktop,firefox,windows
a309cfbd-daad-4c64-86ce-a9bee064f22d,sess_b3c2195c60ea,0,none,scroll,2025-12-11T14:50:42.981997,192.168.166.128,Mozilla/5.0 (Windows NT 10.0; Win64; x64; rv:121.0) Gecko/20100101 Firefox/121.0,desktop,firefox,windows
3d88177a-4442-420a-b33b-03c9579de29a,sess_10a52f9b074d,0,none,page_view,2025-12-11T14:50:42.118857,172.16.222.244,"Mozilla/5.0 (Linux; Android 11; SM-A505F) AppleWebKit/537.36 (KHTML, like Gecko) Chrome/119.0.6045.163 Mobile Safari/537.36",mobile,chrome,android
8940ad6d-84c0-4752-bb35-129170608285,sess_b3c2195c60ea,0,none,click,2025-12-11T14:50:42.212626,192.168.166.128,Mozilla/5.0 (Windows NT 10.0; Win64; x64; rv:121.0) Gecko/20100101 Firefox/121.0,desktop,firefox,windows
37f24284-4f0d-4fd5-8fd2-d9373b4fd4a6,sess_10a52f9b074d,0,none,login,2025-12-11T14:50:42.624898,172.16.222.244,"Mozilla/5.0 (Linux; Android 11; SM-A505F) AppleWebKit/537.36 (KHTML, like Gecko) Chrome/119.0.6045.163 Mobile Safari/537.36",mobile,chrome,android
e31db835-eab3-4cd2-9f65-3dd739b7eb8f,sess_10a52f9b074d,0,none,page_view,2025-12-11T14:50:44.761405,172.16.222.244,"Mozilla/5.0 (Linux; Android 11; SM-A505F) AppleWebKit/537.36 (KHTML, like Gecko) Chrome/119.0.6045.163 Mobile Safari/537.36",mobile,chrome,android
0feb121e-f6fb-4c66-bec2-50c92a9f0ec5,sess_10a52f9b074d,0,none,page_view,2025-12-11T14:50:43.625345,172.16.222.244,"Mozilla/5.0 (Linux; Android 11; SM-A505F) AppleWebKit/537.36 (KHTML, like Gecko) Chrome/119.0.6045.163 Mobile Safari/537.36",mobile,chrome,android
9606486d-b238-4bf4-a29f-043f75eb6883,sess_c44422566293,0,none,scroll,2025-12-11T14:50:38.660698,192.168.44.4,"Mozilla/5.0 (Macintosh; Intel Mac OS X 10_15_7) AppleWebKit/605.1.15 (KHTML, like Gecko) Version/17.0 Safari/605.1.15",desktop,safari,macos
582ea2a9-7bed-40cf-a2ee-37200dd8db49,sess_839f0beec9ab,0,none,scroll,2025-12-11T14:50:43.288421,172.16.195.0,"Mozilla/5.0 (Windows NT 10.0; Win64; x64) AppleWebKit/537.36 (KHTML, like Gecko) Chrome/120.0.0.0 Safari/537.36",desktop,chrome,windows
62cc796e-c67d-4c51-8bca-9bcf9dc6dfab,sess_839f0beec9ab,0,none,search,2025-12-11T14:50:43.077473,172.16.195.0,"Mozilla/5.0 (Windows NT 10.0; Win64; x64) AppleWebKit/537.36 (KHTML, like Gecko) Chrome/120.0.0.0 Safari/537.36",desktop,chrome,windows
5dc1dcac-84a8-4b00-acad-f896befe85cb,sess_839f0beec9ab,0,none,scroll,2025-12-11T14:50:44.914290,172.16.195.0,"Mozilla/5.0 (Windows NT 10.0; Win64; x64) AppleWebKit/537.36 (KHTML, like Gecko) Chrome/120.0.0.0 Safari/537.36",desktop,chrome,windows
13fd1ecb-a9f9-434a-a5f1-9ae27278d358,sess_839f0beec9ab,0,none,page_view,2025-12-11T14:50:43.591956,172.16.195.0,"Mozilla/5.0 (Windows NT 10.0; Win64; x64) AppleWebKit/537.36 (KHTML, like Gecko) Chrome/120.0.0.0 Safari/537.36",desktop,chrome,windows
17cbaad7-b4b4-4bf6-838d-2d8b2d26d5cd,sess_020eddc11b2e,1,googlebot,scroll,2025-12-11T14:50:54.644082,157.55.39.22,Googlebot/2.1 (+http://www.google.com/bot.html),desktop,bot_client,other
973385a0-c4ea-402d-9c37-1fb923e7458c,sess_429eb9196c02,0,none,click,2025-12-11T14:50:48.167430,192.168.63.175,"Mozilla/5.0 (Windows NT 10.0; Win64; x64) AppleWebKit/537.36 (KHTML, like Gecko) Chrome/120.0.0.0 Safari/537.36",desktop,chrome,windows
becda52c-4f8f-4c12-b3c8-dcca27dd7482,sess_f13d302b44ae,1,googlebot,click,2025-12-11T14:50:58.211023,157.55.39.48,curl/7.88.1,desktop,other,other
6fb8bca4-9547-468f-a239-4988f9d790f0,sess_2e214508208b,0,none,page_view,2025-12-11T14:50:57.911037,10.0.190.128,"Mozilla/5.0 (iPhone; CPU iPhone OS 17_0 like Mac OS X) AppleWebKit/605.1.15 (KHTML, like Gecko) Version/17.0 Mobile/15E148 Safari/604.1",mobile,safari,macos
5c9fd45d-8840-4000-acba-3ee07adab908,sess_3ea7489f1bc4,0,none,page_view,2025-12-11T14:51:12.657894,192.168.66.245,"Mozilla/5.0 (Windows NT 10.0; Win64; x64) AppleWebKit/537.36 (KHTML, like Gecko) Chrome/120.0.0.0 Safari/537.36",desktop,chrome,windows
5c0efb7f-fd31-402b-bbd1-8c506e2aa08e,sess_04b8833704c1,0,none,click,2025-12-11T14:51:20.793357,192.168.141.153,Mozilla/5.0 (Windows NT 10.0; Win64; x64; rv:121.0) Gecko/20100101 Firefox/121.0,desktop,firefox,windows
a4bc2c34-c518-4a84-9f81-f54d93cfafd4,sess_5beb8674061f,1,facebook_externalhit,scroll,2025-12-11T14:51:19.232951,66.249.73.76,python-requests/2.31.0,desktop,other,other
eee2addd-522d-482b-81e9-df92d6b6f320,sess_b3de8eeb8095,0,none,click,2025-12-11T14:51:25.894331,172.16.212.183,"Mozilla/5.0 (Linux; Android 11; SM-A505F) AppleWebKit/537.36 (KHTML, like Gecko) Chrome/119.0.6045.163 Mobile Safari/537.36",mobile,chrome,android
33a8e0e2-8cb4-4638-9c9f-891764d2bb41,sess_8ff1faf5aad6,1,python_requests_bot,scroll,2025-12-11T14:51:33.746052,192.168.109.81,curl/7.88.1,desktop,other,other
ff4521e2-a3d3-408c-b51c-c6f6edb325bd,sess_c3d17140b83c,1,selenium_bot,page_view,2025-12-11T14:51:34.504446,66.249.67.174,python-requests/2.31.0,desktop,other,other
fec8cd32-b1f0-470a-a241-20c260b53d99,sess_6dde378cd9bc,0,none,page_view,2025-12-11T14:51:31.584950,172.16.128.167,Mozilla/5.0 (Windows NT 10.0; Win64; x64; rv:121.0) Gecko/20100101 Firefox/121.0,desktop,firefox,windows
109f0c55-3c2d-47e3-997e-d065e7c88bad,sess_bc3c906f18a1,0,none,login,2025-12-11T14:51:40.920273,192.168.187.40,"Mozilla/5.0 (Macintosh; Intel Mac OS X 10_15_7) AppleWebKit/605.1.15 (KHTML, like Gecko) Version/17.0 Safari/605.1.15",desktop,safari,macos
04157a20-cf98-4ded-871d-5c6ca669063c,sess_52826183a14c,0,none,page_view,2025-12-11T14:51:40.960139,172.16.166.190,"Mozilla/5.0 (Macintosh; Intel Mac OS X 10_15_7) AppleWebKit/605.1.15 (KHTML, like Gecko) Version/17.0 Safari/605.1.15",desktop,safari,macos
b888218c-0562-4b98-be50-eb540e07e37e,sess_376432195a82,0,none,scroll,2025-12-11T14:51:59.420275,172.16.182.36,"Mozilla/5.0 (Linux; Android 11; SM-A505F) AppleWebKit/537.36 (KHTML, like Gecko) Chrome/119.0.6045.163 Mobile Safari/537.36",mobile,chrome,android
42edb415-c229-4a55-b2f3-4a1fa3a97f45,sess_19333357a103,0,none,page_view,2025-12-11T14:51:53.568555,172.16.12.195,"Mozilla/5.0 (X11; Linux x86_64) AppleWebKit/537.36 (KHTML, like Gecko) Chrome/120.0.0.0 Safari/537.36",desktop,chrome,linux
257526b7-e48f-4250-8096-6f4110e299df,sess_b5d8a4f0b9c7,0,none,login,2025-12-11T14:51:55.036052,10.0.12.104,"Mozilla/5.0 (Linux; Android 11; SM-A505F) AppleWebKit/537.36 (KHTML, like Gecko) Chrome/119.0.6045.163 Mobile Safari/537.36",mobile,chrome,android
ee2cfa73-3b9c-4cef-9edf-7d4c3d76d4ee,sess_69a506608fa4,1,scraper_bot,search,2025-12-11T14:52:00.839822,157.55.39.30,Selenium/Chrome/120.0.6099.109,desktop,chrome,other
292ff828-d141-481c-adde-4c9a7f97831d,sess_1d835ebb153c,1,twitterbot,page_view,2025-12-11T14:52:10.194691,172.19.70.186,Mozilla/5.0 (compatible; Bingbot/2.0; +http://www.bing.com/bingbot.htm),desktop,bot_client,other
f6d347de-80dd-47ba-ae7c-34440980a523,sess_8221744278ee,0,none,page_view,2025-12-11T14:52:20.913494,172.16.244.29,"Mozilla/5.0 (Linux; Android 11; SM-A505F) AppleWebKit/537.36 (KHTML, like Gecko) Chrome/119.0.6045.163 Mobile Safari/537.36",mobile,chrome,android
09085098-a239-47cf-b332-7c9d0048962d,sess_41ed66ccc8b7,1,bingbot,scroll,2025-12-11T14:52:23.450869,172.20.53.72,Mozilla/5.0 (compatible; Bingbot/2.0; +http://www.bing.com/bingbot.htm),desktop,bot_client,other
1232679a-2887-4a1c-a0bc-2e139206ccb8,sess_0297271f1b94,0,none,login,2025-12-11T14:52:21.276455,172.16.236.94,"Mozilla/5.0 (X11; Linux x86_64) AppleWebKit/537.36 (KHTML, like Gecko) Chrome/120.0.0.0 Safari/537.36",desktop,chrome,linux
b834c901-cf55-4430-aa51-ffccc837e42c,sess_3a8b579cdc49,0,none,scroll,2025-12-11T14:52:24.665719,172.16.197.111,Mozilla/5.0 (Windows NT 10.0; Win64; x64; rv:121.0) Gecko/20100101 Firefox/121.0,desktop,firefox,windows
5e9d67b8-4cfb-42c9-a1ba-d071e212a401,sess_10cae63924e2,0,none,page_view,2025-12-11T14:52:41.018328,192.168.170.15,"Mozilla/5.0 (Windows NT 10.0; Win64; x64) AppleWebKit/537.36 (KHTML, like Gecko) Chrome/120.0.0.0 Safari/537.36",desktop,chrome,windows
c9180481-55a6-449e-8ce1-1569a2996811,sess_24830430a9fe,1,googlebot,scroll,2025-12-11T14:52:35.526246,192.168.205.88,curl/7.88.1,desktop,other,other
0323c54d-6c79-47b4-a480-a9191c01a141,sess_7eacc4e7aab1,0,none,click,2025-12-11T14:52:46.142949,172.16.244.158,Mozilla/5.0 (Windows NT 10.0; Win64; x64; rv:121.0) Gecko/20100101 Firefox/121.0,desktop,firefox,windows
b96a29e6-2d94-46b2-bfe9-a70ac3ef517b,sess_c50b2a4cf4da,0,none,search,2025-12-11T14:52:58.329267,172.16.159.237,"Mozilla/5.0 (iPhone; CPU iPhone OS 17_0 like Mac OS X) AppleWebKit/605.1.15 (KHTML, like Gecko) Version/17.0 Mobile/15E148 Safari/604.1",mobile,safari,macos
f3cf2367-2593-4c06-afd1-79548c2c4fdb,sess_e3bd7eabf796,0,none,click,2025-12-11T14:52:54.261555,172.16.173.67,"Mozilla/5.0 (Windows NT 10.0; Win64; x64) AppleWebKit/537.36 (KHTML, like Gecko) Chrome/120.0.0.0 Safari/537.36",desktop,chrome,windows
d67ab6f6-67a8-49a2-89d0-64e3799a775c,sess_204c9e8c3c42,1,python_requests_bot,page_view,2025-12-11T14:52:56.412268,192.168.244.107,python-requests/2.31.0,desktop,other,other
3a2c36dd-87d3-4900-8124-566730c35647,sess_665564ddd05b,0,none,click,2025-12-11T14:53:00.370299,192.168.48.2,"Mozilla/5.0 (Linux; Android 11; SM-A505F) AppleWebKit/537.36 (KHTML, like Gecko) Chrome/119.0.6045.163 Mobile Safari/537.36",mobile,chrome,android
da672adf-2410-4a84-ab98-d73e25dc5f6c,sess_79b3f77fc125,0,none,page_view,2025-12-11T14:53:20.557043,10.0.149.83,"Mozilla/5.0 (Windows NT 10.0; Win64; x64) AppleWebKit/537.36 (KHTML, like Gecko) Chrome/120.0.0.0 Safari/537.36",desktop,chrome,windows
9b322060-bb17-4d9c-a827-03bf60905122,sess_f3251ca7a129,1,python_requests_bot,page_view,2025-12-11T14:53:16.784124,10.145.88.207,facebookexternalhit/1.1 (+http://www.facebook.com/externalhit_uatext.php),desktop,other,other
07e1ccc7-4086-425e-8232-dd15759ce8b2,sess_9e4a14686a33,0,none,login,2025-12-11T14:53:14.451369,192.168.152.127,"Mozilla/5.0 (X11; Linux x86_64) AppleWebKit/537.36 (KHTML, like Gecko) Chrome/120.0.0.0 Safari/537.36",desktop,chrome,linux
7cbe1409-693d-4cd7-acdf-936eab424025,sess_2dd4348123bf,0,none,scroll,2025-12-11T14:53:28.439204,172.16.18.244,"Mozilla/5.0 (iPhone; CPU iPhone OS 17_0 like Mac OS X) AppleWebKit/605.1.15 (KHTML, like Gecko) Version/17.0 Mobile/15E148 Safari/604.1",mobile,safari,macos
ca3c9683-930a-4417-93c2-ce95c69e837f,sess_5116acadf763,0,none,click,2025-12-11T14:53:40.047846,172.16.244.105,"Mozilla/5.0 (Linux; Android 11; SM-A505F) AppleWebKit/537.36 (KHTML, like Gecko) Chrome/119.0.6045.163 Mobile Safari/537.36",mobile,chrome,android
e24ad5af-c202-414f-a448-149a36f2c972,sess_93ff3516b536,0,none,scroll,2025-12-11T14:53:37.699101,10.0.28.81,"Mozilla/5.0 (Windows NT 10.0; Win64; x64) AppleWebKit/537.36 (KHTML, like Gecko) Chrome/120.0.0.0 Safari/537.36",desktop,chrome,windows
1b2aa1f7-a6b0-43a7-8986-d5dc6cd8be17,sess_f296ea1d778d,0,none,page_view,2025-12-11T14:53:44.788441,10.0.0.122,Mozilla/5.0 (Windows NT 10.0; Win64; x64; rv:121.0) Gecko/20100101 Firefox/121.0,desktop,firefox,windows
3c484fa0-6494-4678-a484-8fab48da5d91,sess_3db482bd326b,0,none,scroll,2025-12-11T14:53:44.648830,10.0.105.90,"Mozilla/5.0 (iPhone; CPU iPhone OS 17_0 like Mac OS X) AppleWebKit/605.1.15 (KHTML, like Gecko) Version/17.0 Mobile/15E148 Safari/604.1",mobile,safari,macos
91fe136f-fc34-4e74-922a-c6ba2bbc7bc5,sess_6d7a9ecce6c3,1,googlebot,page_view,2025-12-11T14:53:49.086600,192.168.97.196,Googlebot/2.1 (+http://www.google.com/bot.html),desktop,bot_client,other
